release_year,predicted_popularity
2025,69.66726601435539
2026,70.14382516217051
2027,70.62038430998575
2028,71.09694345780088
2029,71.573502605616
